information,drug_name,dosage
Drugs used in the treatment of infections,Acyclovir,Intravenous Infusion 250mg Vial
Drugs used in the treatment of infections,Acyclovir,Tablet 200mg
Drugs used in the treatment of infections,Acyclovir,Tablet 800mg
Drugs used in the treatment of infections,Acyclovir,"Oral suspension 200mg/5mL, 125mL Bottle"
Drugs used in the treatment of infections,Albendazole,Tablet 400mg
Drugs used in the treatment of infections,Amikacin,Injection 250mg in 1mL Vial
Drugs used in the treatment of infections,Amikacin,Injection 500mg in 2mL Vial
Drugs used in the treatment of infections,Amoxicillin,Capsule 250mg
Drugs used in the treatment of infections,Amoxicillin,Capsule 500mg
Drugs used in the treatment of infections,Amoxicillin,"Oral suspension 125mg/5mL, 100mL Bottle"
Drugs used in the treatment of infections,Amphotericin B,for Injection 50mg
Drugs used in the treatment of infections,Ampicillin,Injection 1g vial
Drugs used in the treatment of infections,Ampicillin,Injection 250mg vial
Drugs used in the treatment of infections,Artesunate,Injection 60mg Vial
Drugs used in the treatment of infections,Azithromycin,Tablet 250mg
Drugs used in the treatment of infections,Benzathine penicillin,Injection 1.2 million unit Vial
Drugs used in the treatment of infections,Benzyl penicillin,"Injection 1,000,000 IU Vial"
Drugs used in the treatment of infections,Cefalexin (Cephalexin),Capsule 250mg
Drugs used in the treatment of infections,Cefalexin (Cephalexin),Capsule 500mg
Drugs used in the treatment of infections,Cefalexin (Cephalexin),"Syrup 125mg in 5mL,100mL Bottle"
Drugs used in the treatment of infections,Cefixime,Tablet 200mg
Drugs used in the treatment of infections,Cefotaxime,Injection 1g vial
Drugs used in the treatment of infections,Cefotaxime,Injection 500mg vial
Drugs used in the treatment of infections,Ceftazidime,Injection 1g Vial
Drugs used in the treatment of infections,Ceftazidime,Injection 500mg Vial
Drugs used in the treatment of infections,Ceftriaxone,Injection 1g Vial
Drugs used in the treatment of infections,Ceftriaxone,Injection 500mg Vial
Drugs used in the treatment of infections,Cefuroxime,Axetil Tablet 500mg
Drugs used in the treatment of infections,Cefuroxime,Injection 750mg Vial
Drugs used in the treatment of infections,Cefuroxime,Oral suspension 125mg/5mL in 100mL Bottle
Drugs used in the treatment of infections,Cefuroxime,Sodium Injection 250mg Vial
Drugs used in the treatment of infections,Ciprofloxacin,Intravenous infusion 200mg in 100mL Vial
Drugs used in the treatment of infections,Ciprofloxacin,Tablet 250mg
Drugs used in the treatment of infections,Ciprofloxacin,Tablet 500 mg
Drugs used in the treatment of infections,Clarithromycin,for Infusion 500mg Vial
Drugs used in the treatment of infections,Clarithromycin,Tablet 250mg
Drugs used in the treatment of infections,Clindamycin,Capsule 300mg
Drugs used in the treatment of infections,Clindamycin,Capsule 150mg
Drugs used in the treatment of infections,Clindamycin,Injection 300mg/2mL Ampoule
Drugs used in the treatment of infections,Clofazimine,Capsule/Tablet 100mg
Drugs used in the treatment of infections,Clofazimine,Capsule/Tablet 50mg
Drugs used in the treatment of infections,Co-amoxiclav,Injection 1000mg/200mg Vial
Drugs used in the treatment of infections,Co-amoxiclav,Injection 500mg/100mg Vial
Drugs used in the treatment of infections,Co-amoxiclav,"Oral suspension 125/31mg/5mL, 100mL Bottle"
Drugs used in the treatment of infections,Co-amoxiclav,Tablet 375mg
Drugs used in the treatment of infections,Co-amoxiclav,Tablet 625mg
Drugs used in the treatment of infections,Co-Trimoxazole,Tablet 480 mg
Drugs used in the treatment of infections,Colistimethate,"for Injection 1,000,000IU Vial"
Drugs used in the treatment of infections,Dapsone,Tablet 50mg
Drugs used in the treatment of infections,Diethylcarbamazine,Tablet 50mg
Drugs used in the treatment of infections,Doxycycline,Capsule 100mg
Drugs used in the treatment of infections,Flucloxacillin,capsule 250mg
Drugs used in the treatment of infections,Flucloxacillin,Capsule 500mg
Drugs used in the treatment of infections,Flucloxacillin,injection 500mg
Drugs used in the treatment of infections,Flucloxacillin,"Injection, 1g vial"
Drugs used in the treatment of infections,Fluconazole,Capsule 200mg
Drugs used in the treatment of infections,Fluconazole,Capsule 50mg
Drugs used in the treatment of infections,Fluconazole,Injection 200mg in 100mL Vial
Drugs used in the treatment of infections,Furazolidone,Tablet 100mg
Drugs used in the treatment of infections,Gentamicin,Injection 80mg /2mL Ampoule
Drugs used in the treatment of infections,Griseofulvin,Tablet 500mg
Drugs used in the treatment of infections,Imipenem and Cilastatin,for Injection 500mg
Drugs used in the treatment of infections,Itraconazole,Capsule 100mg
Drugs used in the treatment of infections,Levamisole,Hydrochloride Tablet 40mg
Drugs used in the treatment of infections,Levofloxacin,Injection 500mg in 100mL Bottle
Drugs used in the treatment of infections,Levofloxacin,Tablet 500mg
Drugs used in the treatment of infections,Linezolid,Injection 2mg/mL in 300mL Collapsible bag/Bottle
Drugs used in the treatment of infections,Liposomal form of Amphotericin B 50mg,Vial
Drugs used in the treatment of infections,MDT-MB Adult,
Drugs used in the treatment of infections,MDT-MB Paediatric,
Drugs used in the treatment of infections,MDT-PB Adult,
Drugs used in the treatment of infections,MDT-PB Paediatric,
Drugs used in the treatment of infections,Mebendazole,Tablet 100mg
Drugs used in the treatment of infections,Mebendazole,Tablet 500mg
Drugs used in the treatment of infections,Meropenem,Injection 1g Vial
Drugs used in the treatment of infections,Meropenem,Injection 500mg Vial
Drugs used in the treatment of infections,Meropenem,Injection 500mg in 100mL Bottle
Drugs used in the treatment of infections,Metronidazole,Oral suspension 200mg/5mL in 100mL Bottle
Drugs used in the treatment of infections,Metronidazole,Tablet 200mg
Drugs used in the treatment of infections,Metronidazole,Tablet 400 mg
Drugs used in the treatment of infections,Netilmicin,Injection 100mg in 2ml Vial
Drugs used in the treatment of infections,Nitrofurantoin,Tablet 50mg
Drugs used in the treatment of infections,Norfloxacin,Tablet 400 mg
Drugs used in the treatment of infections,Phenoxymethylpenicillin,Tablet 250 mg
Drugs used in the treatment of infections,Phenoxymethylpenicillin,Tablet 500mg
Drugs used in the treatment of infections,Piperacillin 4g with Tazobactam 500mg,Vial
Drugs used in the treatment of infections,Sulbactam Sodium and Cefoperazone Sodium (1:1) for Injection,1g Vial
Drugs used in the treatment of infections,Sulbactam Sodium and Cefoperazone Sodium (1:1) for Injection,2g Vial
Drugs used in the treatment of infections,Sulphadiazine,Tablet 500mg
Drugs used in the treatment of infections,Teicoplanin Injection,200mg Vial
Drugs used in the treatment of infections,Teicoplanin Injection,400mg Vial
Drugs used in the treatment of infections,Terbinafine,Tablet 250mg
Drugs used in the treatment of infections,Valganciclovir,Tablet 450mg
Drugs used in the treatment of infections,Vancomycin Injection,1g Vial
Drugs used in the treatment of infections,Vancomycin Injection,500mg Vial
Drugs used in the treatment of infections,Voriconazole,Injection 200mg in 10mL Vial
Drugs used in the treatment of infections,Voriconazole,Tablet 200mg
Drugs used in the treatment of cardiovascular disorders,Activated Prothrombin Complex Concentrate,Injection 500IU vial
Drugs used in the treatment of cardiovascular disorders,Adenosine,Injection 6mg in 2mL Vial
Drugs used in the treatment of cardiovascular disorders,Alprostadil,Injection 500microgram/1mL Ampoule/Vial
Drugs used in the treatment of cardiovascular disorders,Alteplase (Recombinant Tissue type plasminogen activator),20mg Vial
Drugs used in the treatment of cardiovascular disorders,Alteplase (Recombinant Tissue type plasminogen activator),50mg Vial
Drugs used in the treatment of cardiovascular disorders,Amiodarone,Intravenous infusion 150mg in 3mL Ampoule
Drugs used in the treatment of cardiovascular disorders,Amiodarone,Tablet 100mg
Drugs used in the treatment of cardiovascular disorders,Amlodipine Besylate,Tablet 2.5mg
Drugs used in the treatment of cardiovascular disorders,Amlodipine Besylate,Tablet 5mg
Drugs used in the treatment of cardiovascular disorders,Aspirin Enteric coated,Tablet 75mg
Drugs used in the treatment of cardiovascular disorders,Atenolol,Tablet 50 mg
Drugs used in the treatment of cardiovascular disorders,Atorvastatin,Tablet 10mg
Drugs used in the treatment of cardiovascular disorders,Atorvastatin,Tablet 20mg
Drugs used in the treatment of cardiovascular disorders,Bisoprolol Fumarate,Tablet 2.5mg
Drugs used in the treatment of cardiovascular disorders,Bisoprolol Fumarate,Tablet 5mg
Drugs used in the treatment of cardiovascular disorders,Captopril,Tablet  12.5 mg
Drugs used in the treatment of cardiovascular disorders,Captopril,Tablet 25mg
Drugs used in the treatment of cardiovascular disorders,Carvedilol,Tablet 12.5mg
Drugs used in the treatment of cardiovascular disorders,Carvedilol,Tablet 3.125mg
Drugs used in the treatment of cardiovascular disorders,Carvedilol,Tablet 6.25mg
Drugs used in the treatment of cardiovascular disorders,Clopidogrel,Tablet 75mg
Drugs used in the treatment of cardiovascular disorders,Digoxin,Injection 500microgram in 2mL  Ampoule
Drugs used in the treatment of cardiovascular disorders,Digoxin,Digoxin Tablet 0.25 mg
Drugs used in the treatment of cardiovascular disorders,Diltiazem Hydrochloride,Tablet 30mg
Drugs used in the treatment of cardiovascular disorders,Diltiazem Hydrochloride,Tablet 60mg
Drugs used in the treatment of cardiovascular disorders,Dobutamine,Injection 250mg in 20mL Vial
Drugs used in the treatment of cardiovascular disorders,Dopamine,Hydrochloride Injection 200mg in 5mL Ampoule
Drugs used in the treatment of cardiovascular disorders,Dried Factor IX Fraction 500 IU - 600IU,Vial
Drugs used in the treatment of cardiovascular disorders,Dried factor VII fraction 1000 micrograms -2500 micrograms,vial
Drugs used in the treatment of cardiovascular disorders,Dried Factor VIII fraction 200-350IU,Vial (with von Willebrand factor)
Drugs used in the treatment of cardiovascular disorders,Dried Factor VIII fraction 200IU-350IU,Vial
Drugs used in the treatment of cardiovascular disorders,Enalapril,Tablet 5mg
Drugs used in the treatment of cardiovascular disorders,"Enoxaparin Sodium Injection,","4,000IU/0.4mL Prefilled syringe/Vial"
Drugs used in the treatment of cardiovascular disorders,"Enoxaparin Sodium Injection,","6,000IU/0.6mL Prefilled syringe/Vial"
Drugs used in the treatment of cardiovascular disorders,Ephedrine,Injection 30mg/mL Ampoule
Drugs used in the treatment of cardiovascular disorders,Esmolol,Hydrochloride Injection 100mg in 10mL Vial
Drugs used in the treatment of cardiovascular disorders,Fenofibrate,Capsule 200mg
Drugs used in the treatment of cardiovascular disorders,Furosemide (Frusemide),Injection 100mg/10mL Ampoule
Drugs used in the treatment of cardiovascular disorders,Furosemide (Frusemide),Injection 20mg in 2mL Ampoule
Drugs used in the treatment of cardiovascular disorders,Furosemide (Frusemide),Tablet 40 mg
Drugs used in the treatment of cardiovascular disorders,Glyceryl Trinitrate  (Nitroglycerin),Injection 50mg in 10mL Vial/Ampoule
Drugs used in the treatment of cardiovascular disorders,Glyceryl Trinitrate  (Nitroglycerin),Tablet 0.5 mg
Drugs used in the treatment of cardiovascular disorders,Heparin,"Injection 25,000IU/5mL Vial"
Drugs used in the treatment of cardiovascular disorders,Hydralazine,Injection 20mg/mL Ampoule
Drugs used in the treatment of cardiovascular disorders,Hydrochlorothiazide,Tablet 25mg
Drugs used in the treatment of cardiovascular disorders,Isoprenaline,Injection  2mg/2mL Ampoule
Drugs used in the treatment of cardiovascular disorders,Labetalol Hydrochloride,Injection 100mg/20mL  Ampoule
Drugs used in the treatment of cardiovascular disorders,Labetalol Hydrochloride,Tablet 100mg
Drugs used in the treatment of cardiovascular disorders,Losartan Potassium,Tablet 50mg
Drugs used in the treatment of cardiovascular disorders,Mannitol Intravenous,Infusion 20% w/v 250mL Bottle
Drugs used in the treatment of cardiovascular disorders,Metaraminol,Injection 10mg in 1mL Ampoule
Drugs used in the treatment of cardiovascular disorders,Methyldopa,Tablet 250 mg
Drugs used in the treatment of cardiovascular disorders,Metoprolol Tartrate,"Injection 1mg/mL, 5mL Ampoule"
Drugs used in the treatment of cardiovascular disorders,Metoprolol Tartrate,Tablet  25mg
Drugs used in the treatment of cardiovascular disorders,Metoprolol Tartrate,Tablet  50mg
Drugs used in the treatment of cardiovascular disorders,Milrinone Lactate,Injection 10mg/10mL Ampoule
Drugs used in the treatment of cardiovascular disorders,Nicorandil,Tablet 10mg
Drugs used in the treatment of cardiovascular disorders,Nifedipine,Extended Release Tablet 20mg
Drugs used in the treatment of cardiovascular disorders,Nimodipine,Tablet 30mg
Drugs used in the treatment of cardiovascular disorders,Noradrenaline Acid,tartrate 4mg/2mL Ampoule
Drugs used in the treatment of cardiovascular disorders,Phenylephrine,Injection 10mg/1mL Vial
Drugs used in the treatment of cardiovascular disorders,Prazosin,Tablet 1 mg
Drugs used in the treatment of cardiovascular disorders,Prolong-released Isosorbide Mononitrate,Tablet 30mg
Drugs used in the treatment of cardiovascular disorders,Prolong-released Isosorbide Mononitrate,Tablet 60mg
Drugs used in the treatment of cardiovascular disorders,Propranolol,Injection 1mg in 1ml ampoule
Drugs used in the treatment of cardiovascular disorders,Propranolol,Tablet 40 mg
Drugs used in the treatment of cardiovascular disorders,Protamine,Sulphate Injection 50mg in 5mL Ampoule
Drugs used in the treatment of cardiovascular disorders,Prothrombin Complex Concentrate,Injection 500IU Vial
Drugs used in the treatment of cardiovascular disorders,Sodium Nitroprusside,for Injection 50mg Vial
Drugs used in the treatment of cardiovascular disorders,Sodium Tetradecyl,sulphate Injection 60 mg in 2mL Ampoule
Drugs used in the treatment of cardiovascular disorders,Spironolactone,Tablet 25 mg
Drugs used in the treatment of cardiovascular disorders,Streptokinase,"Injection 1,500,000 IU"
Drugs used in the treatment of cardiovascular disorders,Tenecteplase,Injection 40mg Vial
Drugs used in the treatment of cardiovascular disorders,Tranexamic acid,Injection 500mg/5mL Ampoule
Drugs used in the treatment of cardiovascular disorders,Tranexamic acid,Tablet /Capsule 500mg
Drugs used in the treatment of cardiovascular disorders,Tranexamic acid,Tablet/Capsule 250mg
Drugs used in the treatment of cardiovascular disorders,Verapamil,Injection 5mg in 2mL Ampoule
Drugs used in the treatment of cardiovascular disorders,Verapamil,Tablet 40mg
Drugs used in the treatment of cardiovascular disorders,Warfarin Sodium,Tablet 0.5mg
Drugs used in the treatment of cardiovascular disorders,Warfarin Sodium,Tablet 1mg
Drugs used in the treatment of cardiovascular disorders,Warfarin Sodium,Tablet 3mg
Drugs used in the treatment of cardiovascular disorders,Warfarin Sodium,Tablet 5 mg
Drugs used in the treatment of central nervous system disorders,Alprazolam,0.25mg Tablet
Drugs used in the treatment of central nervous system disorders,Alprazolam,0.5mg Tablet
Drugs used in the treatment of central nervous system disorders,Amantadine,Capsule 100mg
Drugs used in the treatment of central nervous system disorders,Amisulpride,Tablet 100mg
Drugs used in the treatment of central nervous system disorders,Amisulpride,Tablet 200mg
Drugs used in the treatment of central nervous system disorders,Amitriptyline,Tablet 10mg
Drugs used in the treatment of central nervous system disorders,Amitriptyline,Tablet 25mg
Drugs used in the treatment of central nervous system disorders,Aripiprazole,Tablet 10mg
Drugs used in the treatment of central nervous system disorders,Benzhexol,Tablet 2mg
Drugs used in the treatment of central nervous system disorders,Benztropine,Injection 2mg/2ml Ampoule
Drugs used in the treatment of central nervous system disorders,Betahistine,Tablet 16mg
Drugs used in the treatment of central nervous system disorders,Betahistine,Tablet 8mg
Drugs used in the treatment of central nervous system disorders,Botulinum  Toxin,50IU Vial
Drugs used in the treatment of central nervous system disorders,Botulinum  Toxin,100IU Vial
Drugs used in the treatment of central nervous system disorders,Carbamazepine,Extended release Tablet 200mg
Drugs used in the treatment of central nervous system disorders,Carbamazepine,Tablet 100mg
Drugs used in the treatment of central nervous system disorders,Carbamazepine,Tablet 200mg
Drugs used in the treatment of central nervous system disorders,Chlordiazepoxide,Tablet 10mg
Drugs used in the treatment of central nervous system disorders,Chlorpromazine,Tablet 50mg
Drugs used in the treatment of central nervous system disorders,Cinnarizine,Tablet 25mg
Drugs used in the treatment of central nervous system disorders,Clobazam,Tablet 10mg
Drugs used in the treatment of central nervous system disorders,Clobazam,Tablet 5mg
Drugs used in the treatment of central nervous system disorders,Clomipramine,Hydrochloride Tablet 25 mg
Drugs used in the treatment of central nervous system disorders,Clonazepam,Tablet 0.5mg
Drugs used in the treatment of central nervous system disorders,Clonazepam,Tablet 2mg
Drugs used in the treatment of central nervous system disorders,Clozapine,Tablet 100mg
Drugs used in the treatment of central nervous system disorders,Co-careldopa,Modified Release Tablet 25mg/100mg
Drugs used in the treatment of central nervous system disorders,Co-careldopa,Modified Release Tablet 50mg/200mg
Drugs used in the treatment of central nervous system disorders,Co-careldopa,Tablet 25mg/100mg
Drugs used in the treatment of central nervous system disorders,Co-careldopa,Tablet 25mg/250mg
Drugs used in the treatment of central nervous system disorders,Dexamphetamine,Tablet 5mg
Drugs used in the treatment of central nervous system disorders,Diazepam,Injection 10mg/2mL  Ampoule
Drugs used in the treatment of central nervous system disorders,Diazepam,Tablet 5mg
Drugs used in the treatment of central nervous system disorders,Donepezil,Hydrochloride Tablet 5mg
Drugs used in the treatment of central nervous system disorders,Duloxetine (as hydrochloride),Capsule 20 mg
Drugs used in the treatment of central nervous system disorders,Duloxetine (as hydrochloride),Capsule  30mg
Drugs used in the treatment of central nervous system disorders,Duloxetine (as hydrochloride),Capsule  60mg
Drugs used in the treatment of central nervous system disorders,Flunarizine,Hydrochloride Tablet 5mg
Drugs used in the treatment of central nervous system disorders,Fluoxetine,Hydrochloride Capsule 20mg
Drugs used in the treatment of central nervous system disorders,Flupenthixol,Injection 40mg/2ml Ampoule
Drugs used in the treatment of central nervous system disorders,Fluphenazine,Decanoate Injection 25mg in 1ml Ampoule
Drugs used in the treatment of central nervous system disorders,Gabapentin,Capsule 100mg
Drugs used in the treatment of central nervous system disorders,Gabapentin,Capsule 300mg
Drugs used in the treatment of central nervous system disorders,Haloperidol,Injection 5mg in 1mL  Ampoule
Drugs used in the treatment of central nervous system disorders,Haloperidol,Tablet 1.5mg
Drugs used in the treatment of central nervous system disorders,Haloperidol,Tablet 5mg
Drugs used in the treatment of central nervous system disorders,Imipramine,Tablet 25 mg
Drugs used in the treatment of central nervous system disorders,Lamotrigine,Tablet 100mg
Drugs used in the treatment of central nervous system disorders,Lamotrigine,Tablet 25mg
Drugs used in the treatment of central nervous system disorders,Lamotrigine,Tablet 50mg
Drugs used in the treatment of central nervous system disorders,Levetiracetam,Injection  500mg in 5mL Vial/Ampoule
Drugs used in the treatment of central nervous system disorders,Levetiracetam,Tablet 250mg
Drugs used in the treatment of central nervous system disorders,Levetiracetam,Tablet 500 mg
Drugs used in the treatment of central nervous system disorders,Lithium Carbonate,Tablet 250mg
Drugs used in the treatment of central nervous system disorders,Lorazepam,Injection 4mg/1mL  Ampoule
Drugs used in the treatment of central nervous system disorders,Lorazepam,Tablet 1mg
Drugs used in the treatment of central nervous system disorders,Memantine,Hydrochloride Tablet  5mg
Drugs used in the treatment of central nervous system disorders,Methylphenidate,Hydrochloride Tablet 10mg
Drugs used in the treatment of central nervous system disorders,Olanzapine,Orodispersible Tablet 10mg
Drugs used in the treatment of central nervous system disorders,Olanzapine,Orodispersible Tablet 5mg
Drugs used in the treatment of central nervous system disorders,Olanzapine,Tablet 10mg
Drugs used in the treatment of central nervous system disorders,Olanzapine,Tablet 5mg
Drugs used in the treatment of central nervous system disorders,Ondansetron,Injection 8mg in 4mL Ampoule
Drugs used in the treatment of central nervous system disorders,Ondansetron,Tablet 4mg
Drugs used in the treatment of central nervous system disorders,Paracetamol 500mg + Codeine,phosphate 8mg Tablet
Drugs used in the treatment of central nervous system disorders,Paracetamol,"Infusion 10mg/mL, 100mL Glass bottle/Vial/Collapsible bag"
Drugs used in the treatment of central nervous system disorders,Paracetamol,"Oral solution 120mg/5mL, 60mL Bottle"
Drugs used in the treatment of central nervous system disorders,Paracetamol,Suppository 125mg
Drugs used in the treatment of central nervous system disorders,Paracetamol,Suppository 250mg
Drugs used in the treatment of central nervous system disorders,Paracetamol,Suppository 500mg
Drugs used in the treatment of central nervous system disorders,Paracetamol,Tablet 500mg
Drugs used in the treatment of central nervous system disorders,Phenobarbital,Injection 200mg/mL Ampoule
Drugs used in the treatment of central nervous system disorders,Phenytoin Sodium,Injection 250mg in 5mL Ampoule
Drugs used in the treatment of central nervous system disorders,Phenytoin Sodium,Tablet 100 mg
Drugs used in the treatment of central nervous system disorders,Phenytoin Sodium,Tablet 50mg
Drugs used in the treatment of central nervous system disorders,Prochlorperazine,Tablet 5mg
Drugs used in the treatment of central nervous system disorders,Quetiapine,Tablet 100mg
Drugs used in the treatment of central nervous system disorders,Quetiapine,Tablet 25mg
Drugs used in the treatment of central nervous system disorders,Risperidone,Tablet 1mg
Drugs used in the treatment of central nervous system disorders,Risperidone,Tablet 2mg
Drugs used in the treatment of central nervous system disorders,Sertraline,Tablet 25mg
Drugs used in the treatment of central nervous system disorders,Sertraline,Tablet 50mg
Drugs used in the treatment of central nervous system disorders,Sodium Valproate,Tablet 100mg
Drugs used in the treatment of central nervous system disorders,Sodium Valproate,Tablet 200mg
Drugs used in the treatment of central nervous system disorders,Topiramate,Tablet 25mg
Drugs used in the treatment of central nervous system disorders,Topiramate,Tablet 50mg
Drugs used in the treatment of central nervous system disorders,Tramadol Hydrochloride,Capsule 50mg
Drugs used in the treatment of central nervous system disorders,Tramadol Hydrochloride,Injection 100mg in 2mL  Ampoule
Drugs used in the treatment of central nervous system disorders,Trifluoperazine,Tablet 5mg
Drugs used in the treatment of central nervous system disorders,Venlafaxine Hydrochloride,Extended release Capsule 37.5mg
Drugs used in the treatment of central nervous system disorders,Venlafaxine Hydrochloride,Extended release Capsules 75mg
Drugs used in the treatment of central nervous system disorders,Zuclopenthixol,Acetate Injection 50mg/1mL Ampoule
Drugs used in the treatment of central nervous system disorders,Zuclopenthixol,"Deconate Injection 200mg/mL, 1mL Ampoule"
Drugs affecting nutrition and blood,Albumin,"solution (Human) 5%, 250mL Bottle"
Drugs affecting nutrition and blood,Alfacalcidol,Capsule 250microgram
Drugs affecting nutrition and blood,Ascorbic Acid,Tablet 100mg (Vitamin C)
Drugs affecting nutrition and blood,Calcium,Carbonate Tablet 1.25g
Drugs affecting nutrition and blood,Calcium,Gluconate Injection 10% in 10mL  Ampoule
Drugs affecting nutrition and blood,Calcium,Lactate Tablet 300mg
Drugs affecting nutrition and blood,Calcium,Polystyrene sulphonate 15g-17g powder sachet
Drugs affecting nutrition and blood,Cholecalciferol,"Tablet 50,000IU-60,000IU (Colecalciferol)"
Drugs affecting nutrition and blood,Compound,Sodium Lactate Intravenous Infusion 500mL Bottle
Drugs affecting nutrition and blood,Deferasirox,Tablet 100mg
Drugs affecting nutrition and blood,Deferasirox,Tablet 400mg
Drugs affecting nutrition and blood,Deferasirox,Mesylate for Injection 500mg
Drugs affecting nutrition and blood,"Dextran 40,10% w/v in",Sodium Chloride 0.9% for Intravenous Infusion 500mL Bottle
Drugs affecting nutrition and blood,Dextrose/Glucose,"Injection 10%w/v, 500mL Bottle"
Drugs affecting nutrition and blood,Dextrose/Glucose,"Injection 25% w/v, 25mL Ampoule"
Drugs affecting nutrition and blood,Dextrose/Glucose,Injection 5% w/v 500mL Bottle
Drugs affecting nutrition and blood,Dextrose/Glucose,"Intravenous Infusion 50%, 50mL  Vial/Ampoule"
Drugs affecting nutrition and blood,Dextrose/Glucose,Sachet 75g (for hyperglycemia in pregnancy)
Drugs affecting nutrition and blood,Eltrombopag,Tablet  25mg
Drugs affecting nutrition and blood,Eltrombopag,Tablet 50mg
Drugs affecting nutrition and blood,Epoetin Injection,"10,000 IU Pre-filled syringe"
Drugs affecting nutrition and blood,Epoetin Injection,"2,000 IU Pre-filled syringe"
Drugs affecting nutrition and blood,Epoetin Injection,4000IU Prefilled syringe
Drugs affecting nutrition and blood,Fat emulsion,Injection 20% in 100mL Bottle
Drugs affecting nutrition and blood,Fat emulsion,"Intravenous Injection 10% w/v, 500mL Bottle"
Drugs affecting nutrition and blood,Ferrous,sulphate Tablet 200mg
Drugs affecting nutrition and blood,Folic Acid,Tablet 1mg
Drugs affecting nutrition and blood,Human Albumin,Solution 20% in 50mL Bottle
Drugs affecting nutrition and blood,Hydroxocobalamin,Injection 1mg in 1mL  Ampoule
Drugs affecting nutrition and blood,Iron Sucrose,solution for Injection/Infusion 100mg/5mL Ampoule
Drugs affecting nutrition and blood,Magnesium,Glycinate tablet 400mg (200mg of elemental Magnesium)
Drugs affecting nutrition and blood,Magnesium,Sulphate Injection  50% in 10mL Ampoule/Vial
Drugs affecting nutrition and blood,Oral Rehydration Powder,200ml sachet
Drugs affecting nutrition and blood,Oral Rehydration Powder,sachets 1 Liter (non-flavored)
Drugs affecting nutrition and blood,Peritoneal Dialysis,solution 1.5% in 1000mL Bottle
Drugs affecting nutrition and blood,Phytomenadione Injection,10mg in 1mL Ampoule
Drugs affecting nutrition and blood,Phytomenadione Injection,1mg in 0.5mL Ampoule
Drugs affecting nutrition and blood,Potassium Chloride,Extended release Tablet  600mg
Drugs affecting nutrition and blood,Potassium Chloride,"Injection concentrate 2mmol/mL, 10mL Ampoule"
Drugs affecting nutrition and blood,Protein Hydrolysate Injection,10% w/v in 500mL Bottle
Drugs affecting nutrition and blood,Protein Hydrolysate Injection,100mL Bottle (Amino acid Solu.)
Drugs affecting nutrition and blood,Pyridoxine Hydrochloride,Tablet 100mg
Drugs affecting nutrition and blood,Pyridoxine Hydrochloride,Tablet 10mg
Drugs affecting nutrition and blood,Pyridoxine Hydrochloride,Tablet 25mg
Drugs affecting nutrition and blood,Sodium Bicarbonate,Injection 8.4% w/v in 50mL-100mL Bottle
Drugs affecting nutrition and blood,Sodium Bicarbonate,Tablet 600mg
Drugs affecting nutrition and blood,Sodium Chloride 0.45% and Dextrose/Glucose 5% Intravenous,Infusion 500mL] Bottle
Drugs affecting nutrition and blood,Sodium Chloride for Intravenous Infusion,"0.9% w/v, 5mL Ampoule"
Drugs affecting nutrition and blood,Sodium Chloride for Intravenous Infusion,"0.9%w/v, 500mL Bottle"
Drugs affecting nutrition and blood,Sodium Chloride for Intravenous Infusion,0.45%w/v Bottle 500mL
Drugs affecting nutrition and blood,Sodium Chloride for Intravenous Infusion,0.9%w/v  Collapsible bag 1000mL
Drugs affecting nutrition and blood,Sodium Chloride for Intravenous Infusion,BP 3% w/v 500mL Bottle
Drugs affecting nutrition and blood,Sterile Water,for Injection 10mL Vial
Drugs affecting nutrition and blood,Tetrastarch,Solution for Intravenous Infusion 500mL Collapsible bag
Drugs affecting nutrition and blood,Thiamine hydrochloride,Injection 100mg in 2mL Ampoule
Drugs affecting nutrition and blood,Thiamine hydrochloride,Tablet 100mg
Drugs affecting nutrition and blood,"Total Parenteral Nutrition in 500mL-1,500mL multiple component in collapsible bag (central or peripheral)",
Drugs affecting nutrition and blood,Vitamin A High potency,oral Capsule
Drugs affecting nutrition and blood,Vitamin B complex,Tablet
Drugs affecting nutrition and blood,Vitamin B1,Tablet 10mg
Drugs used in respiratory system disorders,Adrenaline/ Epinephrine,Injection 1mg/1mL Ampoule
Drugs used in respiratory system disorders,Aminophylline,Injection 250mg in 10ml Ampoule
Drugs used in respiratory system disorders,Beclomethasone dipropionate aerosol inhaler,"250mcg/metered dose, 200 dose unit"
Drugs used in respiratory system disorders,Beclomethasone dipropionate aerosol inhaler,"50mcg/metered dose, 200 dose unit"
Drugs used in respiratory system disorders,Beclomethasone dipropionate aerosol inhaler,Dry Powder Capsule 200microgram
Drugs used in respiratory system disorders,Beclomethasone dipropionate aerosol inhaler,Dry Powder Capsule 400microgram
Drugs used in respiratory system disorders,Beclomethasone dipropionate aerosol inhaler,Pressurized inhalation 100microgram/metered dose (200 doses)
Drugs used in respiratory system disorders,Beractant,suspension  8mL (25mg/mL) Vial
Drugs used in respiratory system disorders,Breath Activated,Inhaler Device (for Dry Powder capsules)
Drugs used in respiratory system disorders,Budesonide,Respiratory Suspension 0.5mg in 2mL  Respule
Drugs used in respiratory system disorders,Cetirizine,"Oral Solution/Syrup 5mg/5mL, 60mL Bottle"
Drugs used in respiratory system disorders,Cetirizine,Tablet 10mg
Drugs used in respiratory system disorders,Chlorphenamine (Chlorpheniramine),Tablet 4mg
Drugs used in respiratory system disorders,Chlorphenamine (Chlorpheniramine),Injection 10mg/mL Ampoule
Drugs used in respiratory system disorders,Chlorphenamine (Chlorpheniramine),Oral solution 2mg/5mL in 60mL Bottle
Drugs used in respiratory system disorders,Fluticasone Propionate,"125mcg with Salmeterol Xinafoate 25mcg / metered dose,120 dose unit"
Drugs used in respiratory system disorders,Fluticasone Propionate,"50mcg with Salmeterol xinafoate 25mcg / metered dose,120 dose unit"
Drugs used in respiratory system disorders,Fluticasone Propionate,125mcg/dose 120 metered doses aerasol inhaler
Drugs used in respiratory system disorders,Fluticasone Propionate,"250mcg with Salmeterol xinafoate 25mcg / metered dose,120 dose unit"
Drugs used in respiratory system disorders,Ipratropium  Bromide,Respiratory Solution 0.5mg in 2ml Vial
Drugs used in respiratory system disorders,Ipratropium  Bromide,"Respiratory Solution, 250mcg/1mL in 15mL-20mL Bottle"
Drugs used in respiratory system disorders,Montelukast Sodium,Chewable Tablet 4mg
Drugs used in respiratory system disorders,Montelukast Sodium,Chewable Tablet 5mg
Drugs used in respiratory system disorders,Montelukast Sodium,Tablet 10mg
Drugs used in respiratory system disorders,"Plastic,  mask to compatible with  Spacer device",
Drugs used in respiratory system disorders,Promethazine Hydrochloride,Tablet  25mg
Drugs used in respiratory system disorders,Promethazine Hydrochloride,Tablet 10mg
Drugs used in respiratory system disorders,Promethazine Hydrochloride,Injection 25mg in 1mL Ampoule
Drugs used in respiratory system disorders,Salbutamol,(Albuterol) Tablet 2mg
Drugs used in respiratory system disorders,Salbutamol,"aerosol Inhaler 100mcg/metered dose, 200 dose Unit"
Drugs used in respiratory system disorders,Salbutamol,Dry powder capsule 200microgram (for breath activated  device)
Drugs used in respiratory system disorders,Salbutamol,Dry powder capsule 400microgram (for breath induced devise)
Drugs used in respiratory system disorders,Salbutamol,Injection 5mg in 5mL Ampoule
Drugs used in respiratory system disorders,Salbutamol,Oral Solution 2mg/5mL in 60mL Bottle
Drugs used in respiratory system disorders,Salbutamol,Respiratory Solution 0.5% in 15mL Vial
Drugs used in respiratory system disorders,Salmeterol,"Xinafoate 50mcg + Fluticasone Propionate 250mcg, dry powder capsules for breath induced device."
Drugs used in respiratory system disorders,Salmeterol,"Xinafoate 50mcg + Fluticasone Propionate 500mcg, Dry powder capsules (for breath induced device)"
Drugs used in respiratory system disorders,Spacer device for compatible with all metered dose inhalers,
Drugs used in respiratory system disorders,Theophylline,Extended Release Tablet 125mg
Drugs used in respiratory system disorders,Theophylline,Oral solution/Syrup 25mg/5mL in 60mL Bottle
Immunological products and vaccines,Anti D.(Rho) Immunoglobulin (Human),Injection 300microgram in 1.5mL  Ampoule/Vial
Immunological products and vaccines,Anti Rabies,"serum Injection 1,000 IU in 5mL  Ampoule"
Immunological products and vaccines,Anti Rabies,human Immunoglobulin 300 I.U. Vial
Immunological products and vaccines,Anti-tetanus Human Immunoglobulin 250IU Ampoule/Vial/Prefilled syringe,
Immunological products and vaccines,Hepatitis B vaccine single dose,Vial
Immunological products and vaccines,Human immunoglobulin for intravenous use,1g Vial
Immunological products and vaccines,Human immunoglobulin for intravenous use,2.5g - 3.0g in Vial
Immunological products and vaccines,Human immunoglobulin for intravenous use,5g - 6g vial
Immunological products and vaccines,Meningococcal Conjugate Quadrivalent  Vaccine Single Dose,Vial
Immunological products and vaccines,Pneumococcal Conjugate Vaccine (PCV) 0.5mL single dose vaccine vial/prefilled syringe,
Immunological products and vaccines,Pneumococcal Vaccine Single Dose,Vial (PPSV-23)
Immunological products and vaccines,Rabies Vaccine (Human use) 0.5mL/1mL-Inactivated,
Immunological products and vaccines,Snake Venom Antiserum 10mL,Vial
Immunological products and vaccines,Tetanus Toxoid Adsorbed 0.5mL (Single dose)  Ampoule/Vial,
Drugs used in the treatment of endocrine disorders,Alendronate,Sodium Tablet 70mg
Drugs used in the treatment of endocrine disorders,Biphasic Isophane Insulin,Injection (Human) 30% Soluble/70% Isophane
Drugs used in the treatment of endocrine disorders,Cabergoline,Tablet 500mcicrogram
Drugs used in the treatment of endocrine disorders,Carbimazole,Tablet 10mg
Drugs used in the treatment of endocrine disorders,Carbimazole,Tablet 5mg
Drugs used in the treatment of endocrine disorders,Desmopressin,acetate Nasal spray 10 microgram/metered spray (50 metered spray)
Drugs used in the treatment of endocrine disorders,Dexamethasone,Tablet 4 mg
Drugs used in the treatment of endocrine disorders,Dexamethasone,Tablet 8mg
Drugs used in the treatment of endocrine disorders,Dexamethasone,Sodium Phosphate Injection 8mg/2mL Ampoule/Vial
Drugs used in the treatment of endocrine disorders,Dexamethasone,Tablet 500microgram
Drugs used in the treatment of endocrine disorders,Finasteride,Tablet  5mg
Drugs used in the treatment of endocrine disorders,Gliclazide,Tablet 40mg
Drugs used in the treatment of endocrine disorders,Gliclazide,Tablet 80mg
Drugs used in the treatment of endocrine disorders,Hydrocortisone,Sodium succinate for Injection 100mg Vial
Drugs used in the treatment of endocrine disorders,Hydrocortisone,Tablet 10mg
Drugs used in the treatment of endocrine disorders,Hydrocortisone,Tablet 5mg
Drugs used in the treatment of endocrine disorders,Hydroxyprogesterone,Injection 250mg/mL Ampoule
Drugs used in the treatment of endocrine disorders,Insulin,Injection (Soluble Insulin) 1000 IU in 10ml derived from human
Drugs used in the treatment of endocrine disorders,Insulin,Insulin Isophane Injection (NPH Insulin) derived from human 1000IU in 10mL (mixtard insulin ?)
Drugs used in the treatment of endocrine disorders,Medroxyprogesterone,Acetate Injection 150mg/1mL Vial
Drugs used in the treatment of endocrine disorders,Metformin,Modified release Tablet 500mg
Drugs used in the treatment of endocrine disorders,Metformin,Metformin Tablet 500mg
Drugs used in the treatment of endocrine disorders,Methylprednisolone,Acetate  Injection 40mg/mL Vial
Drugs used in the treatment of endocrine disorders,Methylprednisolone,Sodium succinate for Injection 1g Vial
Drugs used in the treatment of endocrine disorders,Methylprednisolone,Sodium Succinate for Injection 500mg Vial
Drugs used in the treatment of endocrine disorders,Methylprednisolone,Tablet 4mg
Drugs used in the treatment of endocrine disorders,Norethisterone,Tablet 5mg
Drugs used in the treatment of endocrine disorders,Prednisolone,Tablet 20mg
Drugs used in the treatment of endocrine disorders,Prednisolone,Tablet 5mg
Drugs used in the treatment of endocrine disorders,Sitagliptin,Tablet  50mg
Drugs used in the treatment of endocrine disorders,Sitagliptin,Tablet 100mg
Drugs used in the treatment of endocrine disorders,Testosterone,Enanthate Injection 250mg/1mL Ampoule
Drugs used in the treatment of endocrine disorders,Testosterone,Undecanoate Injection 250mg /mL in 4mL Vial
Drugs used in the treatment of endocrine disorders,Thyroxine,Tablet  25microgram
Drugs used in the treatment of endocrine disorders,Thyroxine,Tablet 100microgram
Drugs used in the treatment of endocrine disorders,Thyroxine,Tablet 50microgram
Drugs used in the treatment of endocrine disorders,Vasopressin,Injection 20 IU in 1mL  Ampoule
Drugs used in the treatment of endocrine disorders,Zoledronic Acid concentrate for Intravenous,Infusion 4mg  in 5mL Vial
Drugs acting on the gastrointestinal system,Bisacodyl,Suppository 10mg (Adult)
Drugs acting on the gastrointestinal system,Bisacodyl,Suppository 5mg
Drugs acting on the gastrointestinal system,Bisacodyl,Tablet 10mg
Drugs acting on the gastrointestinal system,Bisacodyl,Tablet 5mg
Drugs acting on the gastrointestinal system,Domperidone,Suppository 10mg
Drugs acting on the gastrointestinal system,Domperidone,Suppository 30mg
Drugs acting on the gastrointestinal system,Domperidone,Syrup 5mg/5mL in 60mL Bottle
Drugs acting on the gastrointestinal system,Domperidone,Tablet 10mg
Drugs acting on the gastrointestinal system,Famotidine,Tablet 20mg
Drugs acting on the gastrointestinal system,Hyoscine Butyl bromide,Injection 20mg in 1mL Ampoule
Drugs acting on the gastrointestinal system,Hyoscine Butyl bromide,Tablet 10mg
Drugs acting on the gastrointestinal system,Iso-osmotic bowel cleansing preparation (Polyethylene glycol 58g-60g),
Drugs acting on the gastrointestinal system,Lactulose,"Oral solution  (3.0g-3.7g)/5mL, 500mL Bottle"
Drugs acting on the gastrointestinal system,Lactulose,"Syrup 3.0-3.7g in 5mL, 120mL Bottle"
Drugs acting on the gastrointestinal system,Loperamide Tablet/Capsule 2mg,
Drugs acting on the gastrointestinal system,Mebeverine,Hydrochloride Tablet 135mg
Drugs acting on the gastrointestinal system,Metoclopramide,Injection 10mg/2mL Ampoule
Drugs acting on the gastrointestinal system,Metoclopramide,Tablet 10mg
Drugs acting on the gastrointestinal system,Omeprazole,Capsule/Tablet 10mg
Drugs acting on the gastrointestinal system,Omeprazole,Capsule/Tablet 20mg
Drugs acting on the gastrointestinal system,Omeprazole,Sodium Injection 40mg Vial
Drugs acting on the gastrointestinal system,Ranitidine,Injection 50mg/2mL Ampoule
Drugs acting on the gastrointestinal system,Rifaximin,Tablet 550mg
Drugs acting on the gastrointestinal system,Sodium Bicarbonate,Powder
Drugs acting on the gastrointestinal system,Sodium Biphosphate 1.6gand,"Sodium phosphate 0.6g enema in 10mL,120mL  Bottle"
Drugs acting on the gastrointestinal system,Sulphasalazine,Tablet 500mg
Drugs acting on the gastrointestinal system,Terlipressin,Acetate (Solution for) Injection 1mg Vial/Ampoule
Drugs acting on the gastrointestinal system,Ursodeoxycholic Acid (Ursodiol),Tablet 150mg
Drugs acting on the gastrointestinal system,Ursodeoxycholic Acid (Ursodiol),Tablet 300mg
Drugs acting on the eye,Acetazolamide,Tablet 250mg
Drugs acting on the eye,Acyclovir,"Eye Ointment 3% w/w, 4.5g-5g Tube"
Drugs acting on the eye,Atropine,"Sulphate Eye Drops 1%, 5mL-10mL Dropper bottle"
Drugs acting on the eye,Balanced salt,solution 500ml plastic bottle
Drugs acting on the eye,Bimatoprost ophthalmic,"suspension 300mcg/mL, 3mL Vial"
Drugs acting on the eye,Brilliant blue G 0.05% in 1mL,Vial
Drugs acting on the eye,Brimonidine,"Tartrate Eye drops 0.15%, 5mL Vial"
Drugs acting on the eye,Brinzolamide Eye drops,10mg/1mL with  Timolol Maleate 5mg /1mL in 5mL Dropper bottle
Drugs acting on the eye,Brinzolamide Eye drops,"1%, in 5mL Dropper bottle"
Drugs acting on the eye,Chloramphenicol,"Eye Ointment 1%, 3.5g Tube"
Drugs acting on the eye,Ciprofloxacin,"Eye drop 0.3%, 5mL Dropper bottle"
Drugs acting on the eye,Dexamethasone Intravitreal,Implant 0.7mg
Drugs acting on the eye,Fusidic acid,Eye Drops 1% w/w (Sustain released) Dropper bottle
Drugs acting on the eye,Gentamicin Eye/Ear,"Drops 0.3% w/v 5mL-10mL, Dropper bottle"
Drugs acting on the eye,Lidocaine (Lignocaine),"Injection 2%, 5mL for Ophthalmic  use (preservative free)  Vial/Ampoule"
Drugs acting on the eye,Lidocaine (Lignocaine),Ophthalmic gel 2%  in 30g Tube
Drugs acting on the eye,Moxifloxacin hydrochloride,"Ophthalmic solution 0.5% w/v , 5mL Dropper bottle"
Drugs acting on the eye,Moxifloxacin hydrochloride,"Ophthalmic solution 0.5% w/v, 5mL Dropper bottle (Preservative free)"
Drugs acting on the eye,Pilocarpine Nitrate,Eye Drops 4% in 10mL -15mL  Dropper Bottle
Drugs acting on the eye,Prednisolone,"Acetate Ophthalmic Suspension 1% w/v, 5mL Dropper bottle"
Drugs acting on the eye,Sodium Chloride,"Eye Drops 5 % ,  10mL-15mL Vial/Bottle"
Drugs acting on the eye,Sodium Hyaluronate 1.5%-3% +,Sodium Chondrotin Sulfate 4% 0.5mL -0.75mL Pre-filled syringe
Drugs acting on the eye,"Sodium Hyaluronate 1.8% 1mL-1.5mL, Pre-filled syringe",
Drugs acting on the eye,Tetracycline,"Hydrochloride Ophthalmic Ointment 1% w/w, 3.5g-5g Tube"
Drugs acting on the eye,Timolol,"maleate Eye Drops 0.5%, 5mL Vial"
Drugs acting on the eye,Tobramycin,"0.3% Ophthalmic Solution, 5mL Vial, sterile"
Drugs acting on the eye,Tobramycin,"T 0.3% Sterile Ophthalmic Solution, 5mL"
Drugs acting on the eye,Tobramycin,"0.3% with Dexamethasone 0.1% Eye drops,5mL-10mL  Dropper Bottle"
Drugs acting on the eye,Tropicamide,0.8% with Phenylephrine Hydrochloride 5% Eye drops 5mL - 15mL Dropper Bottle
Drugs acting on the eye,Tropicamide,"Eye Drops 1% , 5mL-15mL Dropper bottle"
"Drugs used in the treatment of diseases of the ear, nose and oropharynx",Beclomethasone,"Nasal Spray 100microgram/metered dose, 200 dose unit"
"Drugs used in the treatment of diseases of the ear, nose and oropharynx",Beclomethasone,"Sodium Phosphate 0.1% with Neomycin Sulphate 0.5% for Eye,Ear or Nasal drops 5mL-7.5mL Dropper Bottle"
"Drugs used in the treatment of diseases of the ear, nose and oropharynx",Betamethasone,"Sodium phosphate for Eye, Ear or Nasal drops 0.1% in 5mL-7.5mL Dropper bottle"
"Drugs used in the treatment of diseases of the ear, nose and oropharynx",Chlorhexidine 0.2%,Mouth Wash 60mL-100mL Bottle
"Drugs used in the treatment of diseases of the ear, nose and oropharynx",Ciprofloxacin,"Ear drop 0.3% w/v, 5mL Dropper bottle"
"Drugs used in the treatment of diseases of the ear, nose and oropharynx",Clotrimazole,1% with Lidocaine 2% w/v Ear drops 10mL-20mL Dropper bottle
"Drugs used in the treatment of diseases of the ear, nose and oropharynx",Clotrimazole,"Mouth paint 1%, 15mL Bottle"
"Drugs used in the treatment of diseases of the ear, nose and oropharynx",Docusate,"Sodium Ear drops 0.5%, 10mL Dropper bottle"
"Drugs used in the treatment of diseases of the ear, nose and oropharynx",Fluticasone,"Nasal Spray 50microgram/metered dose, 120 dose unit"
"Drugs used in the treatment of diseases of the ear, nose and oropharynx",Miconazole Oro mucosal,gel 40g Tube/Container
"Drugs used in the treatment of diseases of the ear, nose and oropharynx",Oxytetracycline 3% and Hydrocortisone,acetate 1% Ointment 15g Tube
"Drugs used in the treatment of diseases of the ear, nose and oropharynx",Tobramycin Ear drops,"0.3%, 5mL Dropper bottle"
"Drugs used in the treatment of diseases of the ear, nose and oropharynx",Tobramycin Ear drops,"0.3% w/v  with Dexamethasone 0.1% w/v Ear drops, 5mL-10mL Dropper bottle"
"Drugs used in the treatment of diseases of the ear, nose and oropharynx",Xylometazoline Hydrochloride Nasal drops,0.1% in 10mL Dropper bottle
"Drugs used in the treatment of diseases of the ear, nose and oropharynx",Xylometazoline Hydrochloride Nasal drops,0.05% w/v in 10mL Dropper Bottle
Drugs acting on the skin,Acitretin,Capsule 10mg
Drugs acting on the skin,Adapalene,"Gel 0.1%w/w,10g-15g Tube"
Drugs acting on the skin,Alcohol based Hand Rub (75%-85%)  500mL,Bottle
Drugs acting on the skin,Benzoyl Peroxide,"Gel 2.5%, 20g Tube"
Drugs acting on the skin,Benzoyl Peroxide,"Gel 5%, 20g Tube"
Drugs acting on the skin,"Benzyl benzoate application, 25% w/v, 500mL",Bottle
Drugs acting on the skin,Betamethasone Valerate,Cream 0.1%w/w 15g Tube
Drugs acting on the skin,Betamethasone Valerate,"Ointment 0.1%,w/w in 15g Tube"
Drugs acting on the skin,Cetrimide,powder 500g Tin
Drugs acting on the skin,Clindamycin,"Gel 1% w/w ,10g Tube"
Drugs acting on the skin,Clobetasol,Ointment 0.05% w/w 15g Tube
Drugs acting on the skin,Clotrimazole,"Cream 1%,15g Tube"
Drugs acting on the skin,Ethyl alcohol 70%-75% OR   Isopropyl alcohol 70%-75%,
Drugs acting on the skin,Fluocinolone,"Cream 0.025%, w/w in 15g Tube"
Drugs acting on the skin,Framycetin,Sulphate Cream 1% w/w 20g Tube
Drugs acting on the skin,Fusidic acid,2%+Betamethasone 0.1% cream 10g-15g Tube
Drugs acting on the skin,Fusidic acid,Cream 2%  w/w 5g Tube
Drugs acting on the skin,Hydrocortisone Cream,"0.5% with Clioquinol 3%,15g Tube"
Drugs acting on the skin,Hydrocortisone Cream,1%  w/v in 15g Tube
Drugs acting on the skin,Hydrocortisone Cream,"1% , 5g Tube"
Drugs acting on the skin,Hydrocortisone Ointment,"1%, (w/w) in 5g Tube"
Drugs acting on the skin,Hydrocortisone Ointment,"1%, w/w in 15g Collapsible Tube"
Drugs acting on the skin,Hydrogen Peroxide,Solution 6% w/v 400mL-500mL Bottle
Drugs acting on the skin,"Isopropyl alcohol/Ethanol 75% - 85% (v/v), 5L Container",
Drugs acting on the skin,Metronidazole,"Gel 0.75%-1% w/w, 30g Tube"
Drugs acting on the skin,Miconazole,"Cream 2% w/w, 15g Tube"
Drugs acting on the skin,Mometasone Furoate,"Cream 0.1%, 5g Tube"
Drugs acting on the skin,Mometasone Furoate,"Cream/Ointment 0.1%,15g Tube"
Drugs acting on the skin,Mupirocin,2% Cream 5g Tube
Drugs acting on the skin,Mupirocin,2% Ointment 5g Tube
Drugs acting on the skin,Permethrin,"cream 5%, 15g tube"
Drugs acting on the skin,Permethrin,"Lotion 5%w/v, 60mL  Bottle"
Drugs acting on the skin,Potassium Permanganate,Crystal
Drugs acting on the skin,Povidone Iodine,Aqueous Solution 7.5% w/v for Surgical Scrub 500mL Bottle
Drugs acting on the skin,Povidone Iodine,"Ointment 5% w/w, 15g Tube (available iodine 0.5% w/w)"
Drugs acting on the skin,Povidone Iodine,"Solution 10% w/v, 500mL Bottle"
Drugs acting on the skin,Precipitated Sulphur,Powder
Drugs acting on the skin,Silver Nitrate,Crystals
Drugs acting on the skin,Silver Sulphadiazine,"Cream 1%, w/w 500g Jar"
Drugs acting on the skin,Sodium Chloride,Crystals
Drugs acting on the skin,Terbinafine,"Cream 1%w/w, 15g Tube"
Drugs acting on the skin,Tretinoin,"Cream 0.025%,15g Tube"
Drugs acting on the skin,Zinc Oxide,Powder
Drugs used in the treatment of malignant diseases & for immunosuppression,Abiraterone,Acetate Tablet 250mg
Drugs used in the treatment of malignant diseases & for immunosuppression,Anastrozole,Tablet 1mg
Drugs used in the treatment of malignant diseases & for immunosuppression,Azathioprine,Tablet 50mg
Drugs used in the treatment of malignant diseases & for immunosuppression,Basiliximab,Injection 20mg for IV use 5mL (with solvent)
Drugs used in the treatment of malignant diseases & for immunosuppression,Bevacizumab,Injection 100mg/4mL Vial
Drugs used in the treatment of malignant diseases & for immunosuppression,Bevacizumab,Injection 400mg/16mL Vial
Drugs used in the treatment of malignant diseases & for immunosuppression,Bicalutamide,Tablet 50mg
Drugs used in the treatment of malignant diseases & for immunosuppression,Bortezomib,Injection 1mg Vial
Drugs used in the treatment of malignant diseases & for immunosuppression,Bortezomib,Injection 2mg Vial
Drugs used in the treatment of malignant diseases & for immunosuppression,Capecitabine,Tablet 500mg
Drugs used in the treatment of malignant diseases & for immunosuppression,Carboplatin,Injection 150mg in 15mL Vial (with suitable diluent)
Drugs used in the treatment of malignant diseases & for immunosuppression,Carboplatin,Injection 450mg in 45mL Vial
Drugs used in the treatment of malignant diseases & for immunosuppression,Cisplatin,Injection 10mg/10mL Vial
Drugs used in the treatment of malignant diseases & for immunosuppression,Cisplatin,Injection 50mg/50mL Vial
Drugs used in the treatment of malignant diseases & for immunosuppression,Cyclophosphamide,for Injection 1g Vial
Drugs used in the treatment of malignant diseases & for immunosuppression,Cyclophosphamide,for Injection 200mg Vial
Drugs used in the treatment of malignant diseases & for immunosuppression,Cyclophosphamide,Tablet 50mg
Drugs used in the treatment of malignant diseases & for immunosuppression,Cyclosporin,Capsule 100mg
Drugs used in the treatment of malignant diseases & for immunosuppression,Cyclosporin,Capsule 25mg
Drugs used in the treatment of malignant diseases & for immunosuppression,Cyclosporin,Capsule 50mg
Drugs used in the treatment of malignant diseases & for immunosuppression,Dacarbazine,for injection 200mg Vial
Drugs used in the treatment of malignant diseases & for immunosuppression,Dactinomycin,"for Injection (Actinomycin D), 500microgram Vial"
Drugs used in the treatment of malignant diseases & for immunosuppression,Daunorubicin Hydrochloride,for Injection 20mg Vial
Drugs used in the treatment of malignant diseases & for immunosuppression,Docetaxel,Injection 20mg in 0.5mL-2mL Vial
Drugs used in the treatment of malignant diseases & for immunosuppression,Docetaxel,"Docetaxel Injection, 80mg/2mL Vial"
Drugs used in the treatment of malignant diseases & for immunosuppression,Doxorubicin Hydrochloride,Injection 10mg Vial
Drugs used in the treatment of malignant diseases & for immunosuppression,Doxorubicin Hydrochloride,Injection 2mg/mL 25mL Vial
Drugs used in the treatment of malignant diseases & for immunosuppression,Enzalutamide,Capsule 40mg
Drugs used in the treatment of malignant diseases & for immunosuppression,Erlotinib,Hydrochloride Tablet 150mg
Drugs used in the treatment of malignant diseases & for immunosuppression,Etoposide,Injection 100mg Vial
Drugs used in the treatment of malignant diseases & for immunosuppression,Everolimus,Tablet 0.25mg
Drugs used in the treatment of malignant diseases & for immunosuppression,Filgrastim,Injection 300microgram in 0.5mL/1mL Prefilled syringe/Vial
Drugs used in the treatment of malignant diseases & for immunosuppression,Fluorouracil,Injection 1g/20mL Vial
Drugs used in the treatment of malignant diseases & for immunosuppression,Fluorouracil,Injection 250mg/10mL Vial
Drugs used in the treatment of malignant diseases & for immunosuppression,Flutamide,Tablet 250mg
Drugs used in the treatment of malignant diseases & for immunosuppression,Fulvestrant  Solution,"for Injection 50mg/mL, 5mL Pre-filled syringe"
Drugs used in the treatment of malignant diseases & for immunosuppression,Gefitinib,Tablet 250mg
Drugs used in the treatment of malignant diseases & for immunosuppression,Gemcitabine Hydrochloride,Injection 200mg Vial
Drugs used in the treatment of malignant diseases & for immunosuppression,Gemcitabine Hydrochloride,Injection 1g Vial
Drugs used in the treatment of malignant diseases & for immunosuppression,Goserelin Acetate,3.6mg Implant in Syringe Applicator
Drugs used in the treatment of malignant diseases & for immunosuppression,Goserelin Acetate,Implant 10.8mg (in syringe applicator)
Drugs used in the treatment of malignant diseases & for immunosuppression,Hydroxyurea /Hydroxycarbamide,Capsule 500mg
Drugs used in the treatment of malignant diseases & for immunosuppression,Imatinib Mesylate Capsule/Tablet,400mg
Drugs used in the treatment of malignant diseases & for immunosuppression,Imatinib Mesylate Capsule/Tablet,100mg
Drugs used in the treatment of malignant diseases & for immunosuppression,Irinotecan Hydrochloride Trihydrate Injection 1,00mg in 5mL Vial
Drugs used in the treatment of malignant diseases & for immunosuppression,Irinotecan Hydrochloride Trihydrate Injection 1,40mg in 2mL Vial
Drugs used in the treatment of malignant diseases & for immunosuppression,Lapatinib,Tablet 250mg
Drugs used in the treatment of malignant diseases & for immunosuppression,Lecucovorin Calcium (Folinic acid ),Tablet 15mg
Drugs used in the treatment of malignant diseases & for immunosuppression,Lecucovorin Calcium (Folinic acid ),Injection 10mg/mL in 5mL Vial/Ampoule
Drugs used in the treatment of malignant diseases & for immunosuppression,Lecucovorin Calcium (Folinic acid ),Injection 15mg in 2mL Ampoule/Vial
Drugs used in the treatment of malignant diseases & for immunosuppression,Lenalidomide,Capsule 10mg
Drugs used in the treatment of malignant diseases & for immunosuppression,Lenalidomide,Capsule 5mg
Drugs used in the treatment of malignant diseases & for immunosuppression,Letrozole,Tablet 2.5mg
Drugs used in the treatment of malignant diseases & for immunosuppression,Mercaptopurine,Tablet 50mg
Drugs used in the treatment of malignant diseases & for immunosuppression,Mesna,Injection 200mg in 2mL Vial/Ampoule
Drugs used in the treatment of malignant diseases & for immunosuppression,Methotrexate,Injection 1g/10mL Vial
Drugs used in the treatment of malignant diseases & for immunosuppression,Methotrexate,Injection 50mg/2mL Vial
Drugs used in the treatment of malignant diseases & for immunosuppression,Methotrexate,Injection 50mg/2mL Vial (without preservatives)
Drugs used in the treatment of malignant diseases & for immunosuppression,Methotrexate,Tablet 2.5mg
Drugs used in the treatment of malignant diseases & for immunosuppression,Mycophenolate Mofetil,Capsule/Tablet 250mg
Drugs used in the treatment of malignant diseases & for immunosuppression,Mycophenolate Mofetil,Capsule/Tablet 500mg
Drugs used in the treatment of malignant diseases & for immunosuppression,Mycophenolic Acid,Tablet 180mg
Drugs used in the treatment of malignant diseases & for immunosuppression,Mycophenolic Acid,Tablet 360mg
Drugs used in the treatment of malignant diseases & for immunosuppression,Octreotide,Injection 50microgram in 1mL Ampoule
Drugs used in the treatment of malignant diseases & for immunosuppression,Olaparib,Capsule 50mg
Drugs used in the treatment of malignant diseases & for immunosuppression,Oxaliplatin Injection,100mg in 20mL Vial (as lyophilized powder)
Drugs used in the treatment of malignant diseases & for immunosuppression,Oxaliplatin Injection,50mg in 10mL Vial (as lyophilized powder)
Drugs used in the treatment of malignant diseases & for immunosuppression,Paclitaxel,Injection 260mg
Drugs used in the treatment of malignant diseases & for immunosuppression,Paclitaxel,Injection 30mg in 5mL Vial
Drugs used in the treatment of malignant diseases & for immunosuppression,Palbociclib,Capsule 125mg
Drugs used in the treatment of malignant diseases & for immunosuppression,Pazopanib,Tablet 200mg
Drugs used in the treatment of malignant diseases & for immunosuppression,Pemetrexed,Injection 100mg Vial
Drugs used in the treatment of malignant diseases & for immunosuppression,Pemetrexed,Injection 500mg Vial
Drugs used in the treatment of malignant diseases & for immunosuppression,Rituximab,Injection 100mg in 10mL Vial
Drugs used in the treatment of malignant diseases & for immunosuppression,Rituximab,Injection 500mg in 50mL Vial
Drugs used in the treatment of malignant diseases & for immunosuppression,Sorafenib,Tablet 200mg
Drugs used in the treatment of malignant diseases & for immunosuppression,Tacrolimus,Capsule 0.5mg
Drugs used in the treatment of malignant diseases & for immunosuppression,Tacrolimus,Capsule 1mg
Drugs used in the treatment of malignant diseases & for immunosuppression,Tamoxifen,Tablet 20mg
Drugs used in the treatment of malignant diseases & for immunosuppression,Temozolomide,Capsule 100mg
Drugs used in the treatment of malignant diseases & for immunosuppression,Temozolomide,Capsule 250mg
Drugs used in the treatment of malignant diseases & for immunosuppression,Thalidomide,Capsule 50mg
Drugs used in the treatment of malignant diseases & for immunosuppression,Thalidomide,T Capsule 50mg
Drugs used in the treatment of malignant diseases & for immunosuppression,Tocilizumab,concentrate solution for Infusion 80mg/4mL Vial
Drugs used in the treatment of malignant diseases & for immunosuppression,Tocilizumab,concentrate solution for infusion 200mg in 10mL Vial
Drugs used in the treatment of malignant diseases & for immunosuppression,Tocilizumab,Infusion 400mg/20mL Vial
Drugs used in the treatment of malignant diseases & for immunosuppression,Trastuzumab,Injection 440mg in 20mL Vial (with solvent)
Drugs used in the treatment of malignant diseases & for immunosuppression,Vinblastine,Sulphate Injection 10mg/10mL Vial
Drugs used in the treatment of malignant diseases & for immunosuppression,Vincristine,Injection 1mg/mL Vial
"Drugs used in obstetrics, gynecology & urinary tract disorders",Carboprost,Tromethamine Intramuscular Injection 250microgram in 1mL Vial
"Drugs used in obstetrics, gynecology & urinary tract disorders",Citric Acid,Crystals
"Drugs used in obstetrics, gynecology & urinary tract disorders",Clotrimazole,Pessaries 100mg
"Drugs used in obstetrics, gynecology & urinary tract disorders",Dinoprostone,"Vaginal Gel 400microgram/mL, 2.5mL (1mg/2.5mL) Tube"
"Drugs used in obstetrics, gynecology & urinary tract disorders",Dinoprostone,Vaginal Tablet 3mg
"Drugs used in obstetrics, gynecology & urinary tract disorders",Ergometrine (Ergonovine),Injection 500microgram/mL Ampoule
"Drugs used in obstetrics, gynecology & urinary tract disorders",Estrogen,"Vaginal Cream 0.01%, 15g Tube"
"Drugs used in obstetrics, gynecology & urinary tract disorders",Etonogestrel 68mg (Single rod,"Subdermal implant in a pre-loaded, sterile and disposable)"
"Drugs used in obstetrics, gynecology & urinary tract disorders",Levonorgestrel 0.15 mg + Ethinylestradiol 0.03mg,Tablet
"Drugs used in obstetrics, gynecology & urinary tract disorders",Levonorgestrel 75mg (Two rod,subdermal implant)
"Drugs used in obstetrics, gynecology & urinary tract disorders",Levonorgestrel impregnated Intra uterine device releasing 20microgram/24h,
"Drugs used in obstetrics, gynecology & urinary tract disorders",Misoprostol,Tablet 200micrograms
"Drugs used in obstetrics, gynecology & urinary tract disorders",Oxytocin Injection,2IU in 2mL Ampoule
"Drugs used in obstetrics, gynecology & urinary tract disorders",Oxytocin Injection,5IU in 1mL  Ampoule
"Drugs used in obstetrics, gynecology & urinary tract disorders",Potassium citrate,Oral Solution 200mL Bottle
"Drugs used in obstetrics, gynecology & urinary tract disorders",Potassium citrate,Extended Release Tablet 1080mg
"Drugs used in obstetrics, gynecology & urinary tract disorders",Potassium citrate,(in powder form)
"Drugs used in obstetrics, gynecology & urinary tract disorders",Sodium,Citrate Oral Solution 500mg/334mg per 5mL in 100mL Bottle
"Drugs used in obstetrics, gynecology & urinary tract disorders",Tamsulosin,Capsule 0.4mg
Drugs used in the treatment of musculoskeletal &  joint diseases,Allopurinol,Tablet 100mg
Drugs used in the treatment of musculoskeletal &  joint diseases,Celecoxib,Capsule 100mg
Drugs used in the treatment of musculoskeletal &  joint diseases,Celecoxib,Capsule 200mg
Drugs used in the treatment of musculoskeletal &  joint diseases,Diclofenac Sodium,Suppository 100mg
Drugs used in the treatment of musculoskeletal &  joint diseases,Diclofenac Sodium,Suppository 12.5mg
Drugs used in the treatment of musculoskeletal &  joint diseases,Diclofenac Sodium,Suppository 25mg
Drugs used in the treatment of musculoskeletal &  joint diseases,Diclofenac Sodium,Suppository 50mg
Drugs used in the treatment of musculoskeletal &  joint diseases,Diclofenac Sodium,Tablet 25 mg
Drugs used in the treatment of musculoskeletal &  joint diseases,Diclofenac Sodium,Tablet 50mg
Drugs used in the treatment of musculoskeletal &  joint diseases,Hydroxychloroquine,Sulphate Tablet 200mg
Drugs used in the treatment of musculoskeletal &  joint diseases,Ibuprofen,Tablet 200mg
Drugs used in the treatment of musculoskeletal &  joint diseases,Indomethacin,Capsule 25mg
Drugs used in the treatment of musculoskeletal &  joint diseases,Leflunomide,Tablet 10 mg
Drugs used in the treatment of musculoskeletal &  joint diseases,Leflunomide,Tablet 20 mg
Drugs used in the treatment of musculoskeletal &  joint diseases,Mefenamic Acid,Tablet 500mg
Drugs used in the treatment of musculoskeletal &  joint diseases,Meloxicam,Tablet 7.5mg
Drugs used in the treatment of musculoskeletal &  joint diseases,Naproxen,Tablet 250mg
Drugs used in anaesthesia,Atracurium Besylate,Injection 25mg /2.5mL Ampoule
Drugs used in anaesthesia,Atropine,Sulphate Injection  600microgram in 1mL Ampoule
Drugs used in anaesthesia,Bupivacaine Hydrochloride,Injection 0.5% with Glucose 8% in 4mL Ampoule
Drugs used in anaesthesia,Bupivacaine Hydrochloride,"Injection  0.5%, 10mL Ampoule with sterile wrap"
Drugs used in anaesthesia,Desflurane 240mL,Bottle
Drugs used in anaesthesia,Dexmedetomidine,Hydrochloride Injection 200microgram/2mL Vial
Drugs used in anaesthesia,Etomidate,Injection 20mg in 10mL Vial/Ampoule
Drugs used in anaesthesia,Flumazenil,Injection 500microgram in 5mL Vial/Ampoule
Drugs used in anaesthesia,Glycopyrrolate,Injection 200microgram in 1mL Vial
Drugs used in anaesthesia,Isoflurane for Inhalational Anaesthesia in 250mL,Bottle
Drugs used in anaesthesia,Ketamine Hydrocloride Injection,200mg in 20mL Vial
Drugs used in anaesthesia,Ketamine Hydrocloride Injection,500mg in 10mL Vial
Drugs used in anaesthesia,Lidocaine (Lignocaine ),"2% and Adrenalin 1:80,000 Injection 30mL  Vial"
Drugs used in anaesthesia,Lidocaine (Lignocaine ),"Hydrochloride Injection  2% w/v, 20mL Vial"
Drugs used in anaesthesia,Lidocaine (Lignocaine ),"Hydrochloride Injection 2% w/v, 5mL Single dose Vial"
Drugs used in anaesthesia,Lidocaine (Lignocaine ),"Hydrochloride Gel 2% w/v (Sterile), 30g Tube"
Drugs used in anaesthesia,Lidocaine (Lignocaine ),"Topical Aerosol 10%, 50mL Bottle"
Drugs used in anaesthesia,Midazolam,Injection 5mg in 1mL Ampoule
Drugs used in anaesthesia,Midazolam,Maleate Tablet 7.5mg
Drugs used in anaesthesia,Naloxone,Injection 400microgram/1mL Ampoule
Drugs used in anaesthesia,Neostigmine,Injection 0.5mg in 1mL Ampoule
Drugs used in anaesthesia,Neostigmine,Injection 2.5mg in 1mL Ampoule
Drugs used in anaesthesia,Propofol,1% Injection for Intravenous Infusion 50mL Ampoule/Vial
Drugs used in anaesthesia,Propofol,IV infusion 20mL Ampoule/Vial
Drugs used in anaesthesia,Rocuronium,Bromide Injection 50mg in 5mL Vial
Drugs used in anaesthesia,Sevoflurane for Anaesthetic Inhalation 200mL-300mL,Bottle
Drugs used in anaesthesia,Suxamethonium (Succinylcholine) Chloride,Injection 100mg in 2mL Ampoule
Drugs used in anaesthesia,Thiopentone,sodium Injection 500mg Vial
Drugs used in anaesthesia,Vecuronium,Bromide Injection 10mg Vial
Antidotes,Acetylcysteine 2g in 10mL,Ampoule
Antidotes,Atropine,Sulphate Injection 15mg in 25mL Vial
Antidotes,Charcoal activated 50g,Bottle
Antidotes,Fuller's earth 60g,bottle
Antidotes,Hydroxocobalamine,Injection (Intravenous Infusion) 5g Bottle
Antidotes,Methylene Blue 1% w/v,Injection 10mL Ampoule
Antidotes,N-Acetyl Cystine,Capsule 600mg
Narcotics,Fentanyl Citrate,Injection 100microgram in 2mL Ampoule
Narcotics,Fentanyl Citrate,Transdermal Self Adhesive Patches 12microgram/h - 12.5microgram/h
Narcotics,Fentanyl Citrate,Transdermal self-adhesive patches 25microgram/h
Narcotics,Fentanyl Citrate,"Transdermal self-adhesive patches 50microgram/h, 20cm x 20cm"
Narcotics,Morphine Sulfate,Injection 15mg in 1mL Ampoule
Narcotics,Morphine Sulfate,Controlled Release Tablet 10mg
Narcotics,Morphine Sulfate,Controlled Release Tablet 15mg
Narcotics,Morphine Sulfate,Controlled Release Tablet 30mg
Narcotics,Morphine Sulfate,Tablet 10mg
Narcotics,Morphine Sulfate,Tablet 15mg
Narcotics,Morphine Sulfate,Tablet 30mg
Narcotics,Pethidine Hydrochloride (Meperidine),Injection 50mg Ampoule
Narcotics,Pethidine Hydrochloride (Meperidine),Injection 75mg Ampoule
Narcotics,Remifentanil,Injection 1mg Vial/Ampoule/Bottle
